symbol,company,sector,source,fiscal_year,status,fcff_2025_m,fcff_2024_m,fcff_2023_m,ebit_m,dna_m,delta_nwc_m,capex_m,roic_nopat_m,ic_current_m,ic_prior_m,avg_ic_m,roic_pct,rf_pct,beta,erp_pct,ke_pct,interest_exp_m,icr,rating,spread_pct,kd_pretax_pct,kd_aftertax_pct,market_cap_b,total_debt_b,equity_weight_pct,debt_weight_pct,wacc_pct
AAA,Asia Amalgamated Holdings Corporation,Holding Firms,,,NO DATA,,,,,,,,,,,,,7.706,,6.69,,,,,,,,,,,,
AB,"Atok-Big Wedge Co., Inc.",Mining and Oil,,,NO DATA,,,,,,,,,,,,,7.706,,6.69,,,,,,,,,,,,
ABA,"AbaCore Capital Holdings, Inc.",Holding Firms,Reuters (ABA.PS),Reuters,OK,-702.5425,89.2425,168.3175,69.89,15.63,747.5,23.09,52.4175,13462.88,21620.43,17541.655,0.29881730087611463,7.706,1.0,6.69,14.396,1911.37,0.03656539550165588,D2/D,19.0,26.706000000000003,20.0295,1.4,0.23058,85.85901948999742,14.140980510002576,15.192632137030996
ABG,Asiabest Group International Inc.,Holding Firms,Reuters (ABG.PS),Reuters,PARTIAL,,,,,,,,,,,,,7.706,-1.43,6.69,-1.8606999999999998,6.68,,,,,,7.2,,100.0,,-1.8606999999999998
ABS,ABS-CBN Corporation,Services,Reuters (ABS.PS),Reuters,OK,12153.2975,8199.6725,11278.025,6028.05,1723.0,-6221.52,312.26,4521.0375,17441.92,23719.14,20580.53,21.967546511192857,7.706,0.32,6.69,9.8468,960.44,6.27634209320728,A1/A+,0.7000000000000001,8.406,6.3045,2.4,12.46791,16.14214775311392,83.85785224688608,6.876303299858555
ABSP,ABS-CBN Holdings Corporation,Services,Yahoo (ABSOF),2024-12-31,INCOMPLETE,,,,,,,,,,,,,7.706,,6.69,,,,,,,,0.056941132678,,100.0,,
AC,Ayala Corporation,Holding Firms,Yahoo (AYALY),2025-12-31,OK,38802.75175,12369.64575,7412.961,63992.741,17942.543,-11354.137,38488.484,47994.55575,1180897.38,1059198.995,1120048.1875,4.2850438298664715,7.706,0.524,6.69,11.21156,36550.795,1.750789305677209,B1/B+,2.75,10.456,7.8420000000000005,533.923684503552,736.136701,42.039236133789224,57.960763866210776,9.258537285069709
ACE,Acesite (Phils.) Hotel Corporation,Services,,,NO DATA,,,,,,,,,,,,,7.706,,6.69,,,,,,,,,,,,
ACEN,ACEN Corporation,Industrial,Yahoo (ACPIF),2025-12-31,OK,-17019.83675,-27337.2045,-22969.4635,3614.059,3827.238,-1859.724,25417.343,2710.54425,310704.166,270398.005,290551.0855,0.9328976504546566,7.706,0.233,6.69,9.26477,4985.93,0.7248515322116436,Ca2/CC,12.61,20.316000000000003,15.237,49.302466148416,176.934986,21.79235386547434,78.20764613452566,13.935510504739982
ACR,"Alsons Consolidated Resources, Inc.",Industrial,Reuters (ACR.PS),Reuters,OK,2471.8175,2970.135,2377.6425,4874.37,1536.12,1270.02,1450.06,3655.7775,36883.86,34852.14,35868.0,10.192309300769487,7.706,0.14,6.69,8.6426,2009.62,2.42551825718295,Ba1/BB+,1.38,9.086,6.8145,4.8,24.49611,16.3844278301795,83.6155721698205,7.114023725163511
AEV,"Aboitiz Equity Ventures, Inc.",Holding Firms,Yahoo (ABTZY),2025-12-31,OK,-27774.58275,27593.8315,20910.3535,53749.647,17615.577,56073.725,29628.67,40312.23525,696386.441,605763.475,651074.958,6.191642721727903,7.706,0.516,6.69,11.15804,26846.358,2.0021206228420256,Ba2/BB,1.8399999999999999,9.546000000000001,7.1595,157.264752183808,493.660538,24.160184671792315,75.83981532820769,8.125554648175486
AGI,"Alliance Global Group, Inc.",Holding Firms,Yahoo (ALGGY),2025-12-31,OK,-27419.331614,29871.3493,30793.06102225,41306.938632,9887.428907,33434.802026,34852.162469,30980.203974,550524.735826,502319.196373,526421.9660995,5.88505153072286,7.706,0.272,6.69,9.52568,12024.335857,3.4352781827823824,A3/A-,0.89,8.596,6.447,71.51241459776001,274.57947233100003,20.662840505267383,79.33715949473262,7.083142738067566
ALCO,Arthaland Corporation,Property,,,NO DATA,,,,,,,,,,,,,7.706,,6.69,,,,,,,,,,,,
ALHI,"Anchor Land Holdings, Inc.",Property,Reuters (ALHI.PS),Reuters,OK,-9449.68,1156.1475,783.8825,1321.16,146.2,9965.14,621.61,990.87,36450.34,32438.68,34444.51,2.876713879802616,7.706,-0.28,6.69,5.832800000000001,830.07,1.5916248027274809,B2/B,3.2099999999999995,10.916,8.187,4.7,28.44035,14.182107310272823,85.81789268972717,7.8531248297015575
ALI,"Ayala Land, Inc.",Property,Yahoo (AYAAY),2025-12-31,OK,42516.06725,49095.04775,45234.044,62429.095,10650.267,4358.888,10597.133,46821.82125,643005.799,578821.822,610913.8105,7.664227006372448,7.706,0.748,6.69,12.71012,16615.368,3.7573104008289198,A3/A-,0.89,8.596,6.447,220.71633424947203,336.717733,39.59505656669767,60.404943433302314,8.926885906840154
ALLDY,"AllDay Marts, Inc.",Services,Reuters (ALLDY.PS),Reuters,OK,-472.4,593.7775,51.9775,435.6,532.29,1233.84,97.55,326.7,8692.38,7856.0,8274.19,3.948422745912289,7.706,1.21,6.69,15.8009,63.28,6.883691529709229,Aa2/AA,0.5499999999999999,8.256,6.192,0.7543,3.0875700000000004,19.63366797939545,80.36633202060455,8.078579522472129
ALLHC,AyalaLand Logistics Holdings Corp.,Property,Reuters (ALLHC.PS),Reuters,OK,1001.5725,1167.115,868.12,1062.31,612.2,-1133.86,1541.22,796.7325,19728.13,18531.25,19129.69,4.164900215319746,7.706,1.22,6.69,15.867799999999999,701.0,1.5154208273894436,B2/B,3.2099999999999995,10.916,8.187,7.1,5.05187,58.427221489367476,41.57277851063252,12.674678028155336
ALTER,Alternergy Holdings Corporation,Industrial,,,NO DATA,,,,,,,,,,,,,7.706,,6.69,,,,,,,,,,,,
ANI,"AgriNurture, Inc.",Industrial,Reuters (ANI.PS),Reuters,PARTIAL,,136.7175,93.2925,,,,,,,,,,7.706,0.04,6.69,7.9736,65.07,,,,,,0.5225,,100.0,,7.9736
ANS,A. Soriano Corporation,Holding Firms,,,NO DATA,,,,,,,,,,,,,7.706,,6.69,,,,,,,,,,,,
AP,Aboitiz Power Corporation,Industrial,Yahoo (ABZPY),2025-12-31,PARTIAL,-39845.86225,21567.32275,20227.4105,39690.769,13295.514,54408.1,28501.353,29768.07675,474319.166,389673.322,431996.244,6.890818418782363,7.706,,6.69,,17595.361,2.255751899605811,Ba1/BB+,1.38,9.086,6.8145,287.893269000192,332.526886,46.402952367029876,53.59704763297013,
APC,"APC Group, Inc.",Services,Reuters (APC.PS),Reuters,PARTIAL,,,,,,,,,,,,,7.706,0.61,6.69,11.7869,0.81,,,,,,0.6979,,100.0,,11.7869
APL,"Apollo Global Capital, Inc.",Services,Reuters (APL.PS),Reuters,OK,31.0425,21.0925,11.575,21.31,5.55,-9.51,0.0,15.9825,3740.97,3807.45,3774.21,0.42346610284006453,7.706,0.06,6.69,8.1074,56.15,0.37951914514692786,C2/C,16.0,23.706,17.7795,1.9,0.12825,93.6768149882904,6.323185011709602,8.718984777517564
APO,Anglo Philippine Holdings Corporation,Holding Firms,,,NO DATA,,,,,,,,,,,,,7.706,,6.69,,,,,,,,,,,,
APVI,"Altus Property Ventures, Inc.",Property,Reuters (APVI.PS),Reuters,OK,123.995,101.8025,119.17,151.98,13.32,-12.09,15.4,113.985,348.57,330.81,339.69,33.555594807029934,7.706,0.48,6.69,10.917200000000001,39.5,3.8475949367088607,A3/A-,0.89,8.596,6.447,1.0,,100.0,,10.917200000000001
APX,"Apex Mining Co., Inc.",Mining and Oil,Reuters (APX.PS),Reuters,OK,5161.3425,3082.04,2366.52,11255.11,1705.96,635.89,4350.06,8441.3325,29715.96,25621.51,27668.735,30.508559570938097,7.706,0.34,6.69,9.9806,594.4,18.935245625841183,Aaa/AAA,0.4,8.106,6.0795,102.8,6.5012,94.05203236560989,5.947967634390108,9.748563834614808
AR,Abra Mining and Industrial Corporation,Mining and Oil,,,NO DATA,,,,,,,,,,,,,7.706,,6.69,,,,,,,,,,,,
ARA,"Araneta Properties, Inc.",Property,Reuters (ARA.PS),Reuters,OK,-120.2475,367.545,22.685,138.75,1.92,226.19,0.04,104.0625,2220.3,1949.98,2085.14,4.990672089164277,7.706,0.13,6.69,8.5757,13.66,10.157393850658858,Aaa/AAA,0.4,8.106,6.0795,0.5464,,100.0,,8.5757
AREIT,"AREIT, Inc.",Property,Reuters (AREIT.PS),Reuters,OK,5674.065,5631.3625,3776.1575,9529.02,0.33,1472.78,0.25,7146.765,139308.73,116685.78,127997.255,5.58352989679349,7.706,0.44,6.69,10.649600000000001,11.69,815.1428571428571,Aaa/AAA,0.4,8.106,6.0795,140.6,3.44408,97.60900968647931,2.3909903135206947,10.540329351681791
ASLAG,Raslag Corp.,Industrial,Reuters (ASLAG.PS),Reuters,OK,480.8075,-677.58,-537.2075,717.09,183.98,95.71,145.28,537.8175,4489.57,4452.52,4471.045,12.028899284171821,7.706,0.37,6.69,10.1813,142.35,5.037513171759747,A2/A,0.7799999999999999,8.486,6.3645000000000005,1.6,1.83719,46.54965247775072,53.450347522249274,8.14120713577079
AT,Atlas Consolidated Mining and Dev. Corp.,Mining and Oil,Yahoo (ACMDY),2025-12-31,OK,-14355.5545,1785.25375,3264.82125,1190.91,5054.648,17731.697,2571.688,893.1825,61659.056,61202.536,61430.796,1.453965369421552,7.706,1.63,6.69,18.610699999999998,617.034,1.930055718161398,B1/B+,2.75,10.456,7.8420000000000005,24.585306627264,16.157192,60.34314893689913,39.656851063100866,14.340172679567855
ATN,"ATN Holdings, Inc.",Industrial,Reuters (ATN.PS),Reuters,OK,-31.1125,-5.7775,-19.3775,7.09,6.72,22.7,20.45,5.3175,2605.65,2604.85,2605.25,0.20410709144995684,7.706,0.89,6.69,13.6601,3.38,2.0976331360946747,Ba2/BB,1.8399999999999999,9.546000000000001,7.1595,2.9,0.041299999999999996,98.5958589739231,1.4041410260769047,13.568822408458846
AUB,Asia United Bank Corporation,Financials,,,NO DATA,,,,,,,,,,,,,7.706,,6.69,,,,,,,,,,,,
AXLM,Axelum Resources Corp.,Industrial,Reuters (AXLM.PS),Reuters,OK,602.24,600.66,774.7575,1093.0,298.04,194.09,321.46,819.75,10946.28,11013.82,10980.05,7.465812997208573,7.706,0.27,6.69,9.512300000000002,44.95,24.31590656284761,Aaa/AAA,0.4,8.106,6.0795,9.8,0.90534,91.5430990515014,8.4569009484986,9.221991504239941
BALAI,Balai Ni Fruitas Inc.,Industrial,Reuters (BALAI.PS),Reuters,OK,-18.9425,69.295,-45.3225,90.37,43.99,70.62,60.09,67.7775,408.8,303.08,355.94,19.041832893184242,7.706,0.68,6.69,12.2552,2.93,30.843003412969285,Aaa/AAA,0.4,8.106,6.0795,0.4709,0.07348,86.5020757559058,13.497924244094198,11.421608692457475
BC,Benguet Corporation,Mining and Oil,,,NO DATA,,,,,,,,,,,,,7.706,,6.69,,,,,,,,,,,,
BCOR,Berjaya Philippines Inc.,Services,Reuters (BCOR.PS),Reuters,OK,-757.1825,789.155,-847.4725,135.17,879.09,834.85,902.8,101.3775,21831.07,19539.29,20685.18,0.4900972580369134,7.706,0.06,6.69,8.1074,89.45,1.5111235326998322,B2/B,3.2099999999999995,10.916,8.187,39.5,11.24957,77.83317178845061,22.166828211549376,8.125044795256391
BDO,"BDO Unibank, Inc.",Financials,Yahoo (BDOUY),2025-12-31,PARTIAL,,,,,,,,,,,,,7.706,0.514,6.69,11.14466,91564.0,,,,,,625.448682289152,,100.0,,11.14466
BEL,Belle Corporation,Services,,,NO DATA,,,,,,,,,,,,,7.706,,6.69,,,,,,,,,,,,
BH,"BHI Holdings, Inc.",Holding Firms,Reuters (BH.PS),Reuters,PARTIAL,,,,,,,,,,,,,7.706,339.99,6.69,2282.2391,,,,,,,0.34,,100.0,,2282.2391
BHI,"Boulevard Holdings, Inc.",Services,Reuters (BHI.PS),Reuters,OK,103.3825,163.9875,114.3425,165.75,14.72,-10.23,45.88,124.3125,2110.2,2135.6,2122.9,5.855786895284752,7.706,0.62,6.69,11.8538,44.35,3.737316798196167,A3/A-,0.89,8.596,6.447,0.4464,0.0023799999999999997,99.46967333660145,0.5303266633985472,11.825126297963367
BKR,Bright Kindle Resources & Investments Inc.,Financials,Reuters (BKR.PS),Reuters,OK,115.12,14.6825,26.41,111.24,0.97,-30.77,0.05,83.43,3065.66,2841.61,2953.635,2.8246550437003894,7.706,0.21,6.69,9.110899999999999,93.76,1.1864334470989761,Baa2/BBB,1.11,8.816,6.612,0.7948,1.6715,32.226412034221305,67.77358796577869,7.417305810323155
BLOOM,Bloomberry Resorts Corporation,Services,Yahoo (BLBRF),2025-12-31,PARTIAL,7149.19951875,1238.77896375,-5213.89755025,7001.055097,7482.224373,792.752484,4791.063693,5250.79132275,142883.681369,144283.831598,143583.7564835,3.6569535798106783,7.706,,6.69,,8055.046363,0.8691514339580468,Caa/CCC,8.85,16.555999999999997,12.416999999999998,14.912960554576,105.414057462,12.393692456104597,87.6063075438954,
BMM,"Bogo-Medellin Milling Company, Inc.",Industrial,,,NO DATA,,,,,,,,,,,,,7.706,,6.69,,,,,,,,,,,,
BNCOM,Bank of Commerce,Financials,Reuters (BNCOM.PS),Reuters,PARTIAL,,,,,,,,,,,,,7.706,0.45,6.69,10.716500000000002,4539.18,,,,,,15.1,,100.0,,10.716500000000002
BPI,Bank of the Philippine Islands,Financials,Yahoo (BPHLY),2025-12-31,PARTIAL,,,,,,,,,,,,,7.706,0.34,6.69,9.9806,67238.0,,,,,,531.869387273216,,100.0,,9.9806
BRN,"A Brown Company, Inc.",Property,Reuters (BRN.PS),Reuters,OK,-753.95,-19.24,3.8925,1467.12,139.35,1322.64,671.0,1100.34,11527.57,11038.66,11283.115,9.75209416903045,7.706,0.4,6.69,10.382000000000001,304.95,4.811018199704869,A2/A,0.7799999999999999,8.486,6.3645000000000005,1.7,3.54611,32.4049629153792,67.59503708462078,7.6663693851253605
BSC,Basic Energy Corporation,Industrial,,,NO DATA,,,,,,,,,,,,,7.706,,6.69,,,,,,,,,,,,
C,Chelsea Logistics Corp.,Services,Reuters (C.PS),Reuters,OK,1391.2225,1669.2625,812.66,1078.99,1905.08,507.67,815.43,809.2425,20807.92,19847.25,20327.585,3.98100659768487,7.706,0.29,6.69,9.6461,1003.04,1.0757198117722124,Caa/CCC,8.85,16.555999999999997,12.416999999999998,1.8,17.10255,9.522524738725728,90.47747526127428,12.153140362014648
CA,Concrete Aggregates Corporation,Industrial,,,NO DATA,,,,,,,,,,,,,7.706,,6.69,,,,,,,,,,,,
CAT,"Central Azucarera de Tarlac, Inc.",Industrial,Reuters (CAT.PS),Reuters,OK,986.1,1646.79,204.5475,317.24,94.49,-698.46,44.78,237.93,5366.01,4316.03,4841.02,4.914873311822715,7.706,0.11,6.69,8.4419,398.95,0.7951873668379497,Ca2/CC,12.61,20.316000000000003,15.237,2.4,1.22744,66.16236243742144,33.837637562578564,10.741201310014777
CBC,China Banking Corporation,Financials,,,NO DATA,,,,,,,,,,,,,7.706,,6.69,,,,,,,,,,,,
CDC,Cityland Development Corporation,Property,,,NO DATA,,,,,,,,,,,,,7.706,,6.69,,,,,,,,,,,,
CEB,"Cebu Air, Inc.",Services,Yahoo (CEBUY),2025-12-31,PARTIAL,3399.83666625,-26364.521597,-10805.867794,11731.422739,19415.791492,-4650.711057,29465.232937,8798.56705425,188895.103556,166262.284928,177578.694242,4.954742511091744,7.706,,6.69,,7625.893515,1.5383669750861975,B2/B,3.2099999999999995,10.916,8.187,19.206540609248,191.46084083199997,9.116997836992823,90.88300216300719,
CEI,"Crown Equities, Inc.",Property,Reuters (CEI.PS),Reuters,OK,49.615,63.61,43.1025,49.02,17.16,-0.52,4.83,36.765,1637.0,1548.33,1592.665,2.3083950485506994,7.706,0.06,6.69,8.1074,15.51,3.160541586073501,A3/A-,0.89,8.596,6.447,1.2,,100.0,,8.1074
CEU,Centro Escolar University,Services,Reuters (CEU.PS),Reuters,OK,826.6575,449.5525,293.54,696.77,146.9,-308.2,151.02,522.5775,5244.09,5506.5,5375.295,9.721838522350867,7.706,0.04,6.69,7.9736,54.34,12.822414427677586,Aaa/AAA,0.4,8.106,6.0795,7.6,0.11452,98.5155265654895,1.4844734345105075,7.945482588676938
CHP,"Concreat Holdings Philippines, Inc.",Industrial,Reuters (CHP.PS),Reuters,OK,-97.53,14379.21,681.8825,2345.0,1704.68,1739.47,1821.49,1758.75,41768.5,50646.77,46207.635,3.80618917198424,7.706,1.2,6.69,15.734,1627.35,1.4409930254708576,B3/B-,5.09,12.796000000000001,9.597000000000001,11.1,26.07341,29.860053193936203,70.1399468060638,11.429511464511865
CIC,Concepcion Industrial Corporation,Industrial,,,NO DATA,,,,,,,,,,,,,7.706,,6.69,,,,,,,,,,,,
CLI,"Cebu Landmasters, Inc.",Property,Reuters (CLI.PS),Reuters,OK,2798.7025,4211.3825,5222.5775,7992.83,293.59,1980.06,1509.45,5994.6225,84100.69,69896.33,76998.51,7.785374678029484,7.706,0.6,6.69,11.72,2255.9,3.543078150627244,A3/A-,0.89,8.596,6.447,7.7,63.55757,10.805869467622879,89.19413053237713,7.016793497027756
CNPF,"Century Pacific Food, Inc.",Industrial,Reuters (CNPF.PS),Reuters,OK,-666.6225,5207.6575,5361.26,8652.61,2101.37,5173.99,4083.46,6489.4575,46239.77,38328.22,42283.995,15.347314036906873,7.706,0.56,6.69,11.4524,349.05,24.78902735997708,Aaa/AAA,0.4,8.106,6.0795,92.8,9.66652,90.56616736861952,9.433832631380474,10.94552960654856
CNVRG,"Converge ICT Solutions, Inc.",Services,,,NO DATA,,,,,,,,,,,,,7.706,,6.69,,,,,,,,,,,,
COAL,Coal Asia Holdings Incorporated,Mining and Oil,,,NO DATA,,,,,,,,,,,,,7.706,,6.69,,,,,,,,,,,,
COL,"COL Financial Group, Inc.",Financials,,,NO DATA,,,,,,,,,,,,,7.706,,6.69,,,,,,,,,,,,
COSCO,"Cosco Capital, Inc.",Holding Firms,Reuters (COSCO.PS),Reuters,OK,20686.275,13203.2725,10240.125,21959.82,6683.49,-3830.25,6297.33,16469.865,124047.23,122871.86,123459.545,13.340292968032566,7.706,0.54,6.69,11.3186,1679.99,13.071399234519253,Aaa/AAA,0.4,8.106,6.0795,52.0,57.30925,47.5714543828633,52.4285456171367,8.571816066572591
CPG,"Century Properties Group, Inc.",Property,Reuters (CPG.PS),Reuters,OK,-1357.9775,2958.6475,2222.45,4871.47,190.13,4604.86,596.85,3653.6025,40194.74,35499.93,37847.335,9.653526463620226,7.706,0.76,6.69,12.790400000000002,1117.54,4.359101240224064,A2/A,0.7799999999999999,8.486,6.3645000000000005,7.3,18.166970000000003,28.664580042305776,71.33541995769423,8.206457248938529
CPM,Century Peak Holdings Corporation,Mining and Oil,,,NO DATA,,,,,,,,,,,,,7.706,,6.69,,,,,,,,,,,,
CREC,Citicore Renewable Energy Corporation,Industrial,,,NO DATA,,,,,,,,,,,,,7.706,,6.69,,,,,,,,,,,,
CREIT,Citicore Energy REIT Corp.,Property,Reuters (CREIT.PS),Reuters,PARTIAL,,,,,,,,,,,,,7.706,0.21,6.69,9.110899999999999,344.24,,,,,,22.7,,100.0,,9.110899999999999
CROWN,Crown Asia Chemicals Corporation,Industrial,,,NO DATA,,,,,,,,,,,,,7.706,,6.69,,,,,,,,,,,,
CSB,"Citystate Savings Bank, Inc.",Financials,Reuters (CSB.PS),Reuters,PARTIAL,,,,,,,,,,,,,7.706,0.35,6.69,10.047500000000001,168.09,,,,,,2.4,,100.0,,10.047500000000001
CTS,"CTS Global Equity Group, Inc.",SMEB,Reuters (CTS.PS),Reuters,OK,-26.5175,3.1075,42.125,59.55,4.21,67.92,7.47,44.6625,1905.2999999999997,1835.41,1870.355,2.3879156630693106,7.706,0.29,6.69,9.6461,14.62,4.073187414500684,A3/A-,0.89,8.596,6.447,2.5,0.00184,99.9264541297605,0.07354587023950372,9.643747194065169
CYBR,Cyber Bay Corporation,Property,,,NO DATA,,,,,,,,,,,,,7.706,,6.69,,,,,,,,,,,,
DD,DoubleDragon Corporation,Property,,,NO DATA,,,,,,,,,,,,,7.706,,6.69,,,,,,,,,,,,
DDMPR,"DDMP REIT, Inc.",Property,Reuters (DDMPR.PS),Reuters,OK,2831.1025,2340.3,7544.5675,3890.91,2.1,83.83,5.35,2918.1825,62959.46,60760.33,61859.895,4.717406164365459,7.706,0.47,6.69,10.8503,,,,,,,18.7,,100.0,,10.8503
DELM,Del Monte Pacific Limited,Industrial,Yahoo (DLMAF),2026-01-31,OK,1560.45525,1548.13825,1264.9415,2139.743,460.019,225.036,279.335,1604.80725,6519.913,5775.229,6147.571,26.104737139270128,7.706,0.367,6.69,10.16123,204.118,10.482872652093397,Aaa/AAA,0.4,8.106,6.0795,2151.163919028224,5.395594,99.74980546711537,0.25019453288462923,10.15101773469289
DFNN,"DFNN, Inc.",Services,Reuters (DFNN.PS),Reuters,OK,1000.35,458.2025,120.35,516.2,85.22,-537.0,9.02,387.15,1321.33,627.67,974.5,39.72806567470498,7.706,0.5,6.69,11.051,201.82,2.5577247051828365,Baa2/BBB,1.11,8.816,6.612,0.296,0.47584,38.349917081260365,61.650082918739635,8.314352819237147
DHI,"Dominion Holdings, Inc.",Financials,Reuters (DHI.PS),Reuters,PARTIAL,,,,,,,,,,,,,7.706,975.43,6.69,6533.3327,,,,,,,17.0,,100.0,,6533.3327
DITO,DITO CME Holdings Corp.,Services,Reuters (DITO.PS),Reuters,OK,11271.5075,4877.235,-36683.2225,11914.41,15401.85,5692.71,7373.44,8935.8075,268383.95,235458.8,251921.375,3.5470620545795293,7.706,0.79,6.69,12.9911,23989.27,0.4966557965290315,C2/C,16.0,23.706,17.7795,17.0,226.89908,6.970095992162004,93.029904007838,17.445743923511312
DIZ,"Dizon Copper-Silver Mines, Inc.",Mining and Oil,,,NO DATA,,,,,,,,,,,,,7.706,,6.69,,,,,,,,,,,,
DMC,"DMCI Holdings, Inc.",Holding Firms,Yahoo (DMCHY),2025-12-31,OK,3575.49925,13784.64675,29948.3205,17883.955,11011.779,12910.762,7938.484,13412.96625,160912.618,157520.7,159216.659,8.4243485161939,7.706,-0.062,6.69,7.291220000000001,4247.259,4.210705068845578,A3/A-,0.89,8.596,6.447,163.851939371264,69.580227,70.19252826993193,29.807471730068073,7.03957936216042
DMW,"D.M. Wenceslao & Associates, Inc.",Property,Reuters (DMW.PS),Reuters,OK,1162.925,2026.9625,5840.205,2409.62,382.5,995.68,31.11,1807.215,38044.44,35775.33,36909.885,4.896289977603561,7.706,0.1,6.69,8.375,34.52,69.80359212050985,Aaa/AAA,0.4,8.106,6.0795,16.5,3.72163,81.59579618458056,18.40420381541943,7.952531501417049
DNL,"D&L Industries, Inc.",Industrial,Yahoo (DLNDY),2025-12-31,OK,-7460.8301885,2961.76903,2187.735713,4318.619102,1543.524639,11394.084621,849.234533,3238.9643265,45911.873966,40863.785392,43387.829679,7.465144835459886,7.706,0.534,6.69,11.27846,1359.026663,3.1777294880049016,A3/A-,0.89,8.596,6.447,26.72621512464,26.436829914,50.272167640538335,49.727832359461665,8.875879670685555
DWC,Discovery World Corporation,Services,,,NO DATA,,,,,,,,,,,,,7.706,,6.69,,,,,,,,,,,,
ECP,"EasyCall Communications Philippines, Inc.",Services,Reuters (ECP.PS),Reuters,OK,44.93,18.98,72.22,25.44,24.04,-7.99,6.18,19.08,354.97,396.91,375.94,5.075277969888812,7.706,-0.03,6.69,7.505300000000001,37.0,0.6875675675675675,Ca2/CC,12.61,20.316000000000003,15.237,0.345,0.12013,74.17281190204889,25.827188097951108,9.502180702169285
ECVC,East Coast Vulcan Mining Corporation,Mining and Oil,,,NO DATA,,,,,,,,,,,,,7.706,,6.69,,,,,,,,,,,,
EEI,EEI Corporation,Industrial,,,NO DATA,,,,,,,,,,,,,7.706,,6.69,,,,,,,,,,,,
EG,"IP E-Game Ventures, Inc.",Services,,,NO DATA,,,,,,,,,,,,,7.706,,6.69,,,,,,,,,,,,
EGRN,Everwoods Green Resources and Holdings,Property,Reuters (EGRN.PS),Reuters,OK,-2.025,254.61,14.6525,6.86,0.62,7.79,0.0,5.145,3571.3,3485.28,3528.29,0.14582134688475154,7.706,1.9,6.69,20.417,107.5,0.0638139534883721,D2/D,19.0,26.706000000000003,20.0295,0.775,0.026699999999999998,96.66957714855931,3.330422851440688,20.40409461145067
ELI,"Empire East Land Holdings, Inc.",Property,Reuters (ELI.PS),Reuters,OK,1495.6025,1082.8125,1074.6325,1295.87,37.06,-575.72,89.08,971.9025,25711.85,25529.78,25620.815,3.7934097724838183,7.706,0.54,6.69,11.3186,379.74,3.412519092010323,A3/A-,0.89,8.596,6.447,1.5,0.85,63.829787234042556,36.17021276595745,9.556531914893618
EMI,Emperador Inc.,Industrial,Yahoo (EMI.SI),2025-12-31,OK,-7069.933354,1216.41082425,5611.0120935,6998.516104,1710.196265,7353.215854,6675.800843,5248.887078,139558.473393,124166.639258,131862.5563255,3.9805743376028833,7.706,-0.145,6.69,6.73595,1861.321328,3.759972014891133,A3/A-,0.89,8.596,6.447,333.862884625408,42.986115796,88.59327854182149,11.406721458178518,6.7029902783465936
ENEX,ENEX Energy Corp.,Mining and Oil,Reuters (ENEX.PS),Reuters,OK,76.48249999999999,8.8225,8.3,131.95,0.0,22.48,0.0,98.96249999999999,-4.01,39.2,17.595,562.4467178175618,7.706,0.83,6.69,13.258700000000001,2.54,51.94881889763779,Aaa/AAA,0.4,8.106,6.0795,0.9,,100.0,,13.258700000000001
EURO,"Euro-Med Laboratories Phil., Inc.",Industrial,,,NO DATA,,,,,,,,,,,,,7.706,,6.69,,,,,,,,,,,,
EW,East West Banking Corporation,Financials,,,NO DATA,,,,,,,,,,,,,7.706,,6.69,,,,,,,,,,,,
FAF,First Abacus Financial Holdings Corp.,Financials,,,NO DATA,,,,,,,,,,,,,7.706,,6.69,,,,,,,,,,,,
FB,"San Miguel Food and Beverage, Inc.",Industrial,Reuters (FB.PS),Reuters,OK,26435.0,21796.25,17201.5,60908.0,12029.0,1860.0,29415.0,45681.0,212520.0,202820.0,207670.0,21.996918187509028,7.706,0.47,6.69,10.8503,901.0,67.60044395116537,Aaa/AAA,0.4,8.106,6.0795,307.6,100.738,75.32975133345415,24.670248666545852,9.67333177661643
FCG,"Figaro Culinary Group, Inc.",Industrial,Reuters (FCG.PS),Reuters,OK,-878.0025000000002,-1008.2975,-233.5675,672.01,528.31,29.22000000000012,1881.1,504.0075,4971.98,3532.4,4252.19,11.852892274333932,7.706,0.74,6.69,12.656600000000001,73.25,9.17419795221843,Aaa/AAA,0.4,8.106,6.0795,2.9,1.73103,62.62105838226053,37.378941617739464,10.198149630859659
FDC,Filinvest Development Corporation,Holding Firms,,,NO DATA,,,,,,,,,,,,,7.706,,6.69,,,,,,,,,,,,
FERRO,"Ferronoux Holdings, Inc.",Financials,Reuters (FERRO.PS),Reuters,PARTIAL,,,,,,,,,,,,,7.706,-0.24,6.69,6.1004000000000005,,,,,,,0.8887,,100.0,,6.1004000000000005
FEU,"Far Eastern University, Inc.",Services,Reuters (FEU.PS),Reuters,OK,151.615,1384.88,1130.675,2069.18,596.22,956.46,1040.03,1551.885,13237.96,12532.32,12885.14,12.043990208876272,7.706,0.2,6.69,9.044,261.92,7.900045815516187,Aa2/AA,0.5499999999999999,8.256,6.192,19.2,1.18156,94.20279900066531,5.797200999334693,8.878663827498974
FFI,"Filipino Fund, Inc.",Financials,Reuters (FFI.PS),Reuters,PARTIAL,,,,,,,,,,,,,7.706,-0.16,6.69,6.6356,,,,,,,0.3913,,100.0,,6.6356
FGEN,First Gen Corporation,Industrial,Yahoo (FSGCY),2025-12-31,OK,-1996.391858,-34321.23315,13708.973196,9553.2556,17295.574394,599.331298,25857.576654,7164.9417,255931.717524,252187.221132,254059.469328,2.8201828961351567,7.706,0.225,6.69,9.21125,6309.801638,1.5140342197869898,B2/B,3.2099999999999995,10.916,8.187,66.575850780416,121.347490502,35.42713232219733,64.57286767780266,8.549862402810104
FILRT,Filinvest REIT Corp.,Property,Reuters (FILRT.PS),Reuters,OK,1105.53,,,1661.32,12.58,135.29,17.75,1245.99,53484.39,47277.0,50380.695,2.4731496856087434,7.706,0.07,6.69,8.1743,376.55,4.411950604169433,A2/A,0.7799999999999999,8.486,6.3645000000000005,19.0,5.992439999999999,76.02298935198004,23.977010648019963,7.740364061292136
FJP,F & J Prince Holdings Corporation,Holding Firms,,,NO DATA,,,,,,,,,,,,,7.706,,6.69,,,,,,,,,,,,
FLI,"Filinvest Land, Inc.",Property,Reuters (FLI.PS),Reuters,OK,375.3525,1840.8025,933.9625,8878.43,348.68,2991.6,3640.55,6658.8225,178065.04,172426.47,175245.755,3.799705447929395,7.706,0.73,6.69,12.5897,3191.51,2.781890077110835,Baa2/BBB,1.11,8.816,6.612,15.2,89.87086000000001,14.466427704122722,85.53357229587728,7.4767596488693435
FMETF,First Metro Philippine Equity ETF,ETF,,,NO DATA,,,,,,,,,,,,,7.706,,6.69,,,,,,,,,,,,
FNI,"Global Ferronickel Holdings, Inc.",Mining and Oil,Reuters (FNI.PS),Reuters,OK,146.365,1887.465,1836.425,965.14,614.13,160.35,1031.27,723.855,13680.13,12881.58,13280.855,5.450364453192208,7.706,0.49,6.69,10.9841,36.09,26.742587974508172,Aaa/AAA,0.4,8.106,6.0795,11.7,2.3955900000000003,83.00468444385797,16.995315556142028,10.150547753233456
FOOD,Alliance Select Foods International,Industrial,Reuters (FOOD.PS),Reuters,OK,-16.4875,3.4625,1.0225,1.11,1.31,17.17,1.46,0.8325,52.34,34.84,43.59,1.9098417068134892,7.706,0.3,6.69,9.713000000000001,2.29,0.4847161572052402,C2/C,16.0,23.706,17.7795,0.7999,0.041530000000000004,95.06435472944868,4.935645270551324,10.111133825749024
FPH,First Philippine Holdings Corporation,Industrial,,,NO DATA,,,,,,,,,,,,,7.706,,6.69,,,,,,,,,,,,
FPI,"Forum Pacific, Inc.",Holding Firms,Reuters (FPI.PS),Reuters,PARTIAL,,,,,,,,,,,,,7.706,-0.24,6.69,6.1004000000000005,0.01,,,,,,0.5057,,100.0,,6.1004000000000005
FRUIT,"Fruitas Holdings, Inc.",Industrial,Reuters (FRUIT.PS),Reuters,OK,-226.18000000000012,-179.1,18.6075,151.08,195.6,264.3600000000001,270.73,113.31,2037.03,1660.92,1848.975,6.128260252301951,7.706,0.29,6.69,9.6461,29.1,5.191752577319588,A2/A,0.7799999999999999,8.486,6.3645000000000005,1.4,0.65615,68.08841767380784,31.911582326192157,8.598889514383679
FYN,Filsyn Corporation,Industrial,,,NO DATA,,,,,,,,,,,,,7.706,,6.69,,,,,,,,,,,,
GEO,"GEOGRACE Resources Philippines, Inc.",Mining and Oil,Reuters (GEO.PS),Reuters,PARTIAL,,,,,,,,,,,,,7.706,0.33,6.69,9.9137,0.07,,,,,,0.287,,100.0,,9.9137
GERI,"Global-Estate Resorts, Inc.",Property,,,NO DATA,,,,,,,,,,,,,7.706,,6.69,,,,,,,,,,,,
GLO,"Globe Telecom, Inc.",Services,Yahoo (GTMEY),2025-12-31,OK,39089.28775,24106.44075,5490.38675,37155.297,53871.127,-3517.092,46165.404,27866.47275,534998.74,511962.491,523480.6155,5.323305567558308,7.706,0.276,6.69,9.55244,15790.976,2.3529449351325717,Ba1/BB+,1.38,9.086,6.8145,206.31391813836802,385.558853,34.85781542907571,65.14218457092429,7.768886071758835
GMA7,"GMA Network, Inc.",Services,Reuters (GMA7.PS),Reuters,OK,3975.66,2286.91,2848.2900000000004,2946.12,859.37,-1217.29,310.59,2209.59,13975.6,16256.04,15115.82,14.61773162157263,7.706,0.67,6.69,12.1883,38.18,77.1639601885804,Aaa/AAA,0.4,8.106,6.0795,16.8,1.6635199999999999,90.99023371491461,9.009766285085401,11.637911397176703
GMAP,"GMA Holdings, Inc.",Services,Reuters (GMAP.PS),Reuters,PARTIAL,,,,,,,,,,,,,7.706,0.69,6.69,12.322099999999999,3.1,,,,,,1.8,,100.0,,12.322099999999999
GPH,Grand Plaza Hotel Corporation,Services,,,NO DATA,,,,,,,,,,,,,7.706,,6.69,,,,,,,,,,,,
GREEN,Greenergy Holdings Incorporated,Industrial,,,NO DATA,,,,,,,,,,,,,7.706,,6.69,,,,,,,,,,,,
GSMI,"Ginebra San Miguel, Inc.",Industrial,Yahoo (GNSMF),2025-07-31,OK,-3.33433825,-1.486044,-1.6651085,-3.047835,0.017496,0.20343,0.862528,-2.28587625,4.874942,5.653322,5.264132,-43.42361190790808,7.706,1.127,6.69,15.245629999999998,0.005946,-512.5857719475277,D2/D,19.0,26.706000000000003,20.0295,0.997264679911,7.4858e-05,99.99249423118663,0.007505768813376787,15.245989066222531
GTCAP,"GT Capital Holdings, Inc.",Holding Firms,Reuters (GTCAP.PS),Reuters,OK,18364.0,15201.25,19221.75,25936.0,2192.0,-164.0,3444.0,19452.0,415506.0,382550.0,399028.0,4.87484587547741,7.706,1.07,6.69,14.864300000000002,22993.0,1.127995476884269,Caa/CCC,8.85,16.555999999999997,12.416999999999998,103.3,122.933,45.66088943699637,54.339110563003636,13.534458947191613
HI,"House of Investments, Inc.",Holding Firms,Reuters (HI.PS),Reuters,OK,-2727.87,1294.125,19.895,4765.6,1021.4,3578.5,3744.97,3574.2,43912.83,33904.93,38908.88,9.186077831076094,7.706,0.45,6.69,10.716500000000002,246.69,19.318172605294095,Aaa/AAA,0.4,8.106,6.0795,6.8,11.500639999999999,37.157170459612345,62.842829540387655,7.802477994212226
HOME,AllHome Corp.,Services,Reuters (HOME.PS),Reuters,OK,547.6675,2511.39,694.905,1031.81,1454.55,580.59,1100.15,773.8575,23907.74,23680.86,23794.3,3.2522810084768197,7.706,0.47,6.69,10.8503,519.56,1.985930402648395,B1/B+,2.75,10.456,7.8420000000000005,0.8813,8.99859,8.920139799127318,91.07986020087269,8.110344565577147
HTI,"Haus Talk, Inc.",SMEB,Reuters (HTI.PS),Reuters,OK,-1329.0,255.99,185.4825,406.88,16.17,1634.92,15.41,305.16,6954.56,5330.31,6142.435,4.968062340098022,7.706,0.48,6.69,10.917200000000001,24.44,16.648117839607202,Aaa/AAA,0.4,8.106,6.0795,3.4,3.0762899999999997,52.499193210927864,47.500806789072136,8.619253469965058
I,"I-Remit, Inc.",Financials,Reuters (I.PS),Reuters,OK,-621.385,383.4425,398.2375,354.54,45.84,924.41,8.72,265.905,2292.61,1362.24,1827.425,14.550802358509923,7.706,-0.34,6.69,5.4314,98.67,3.5931894192763756,Aaa/AAA,0.4,8.106,6.0795,0.1217,2.23348,5.167333282381813,94.83266671761818,6.046010512996883
ICT,International Container Terminal Services,Services,Yahoo (ICTEY),2025-12-31,OK,1688.288747,908.290828,900.3104475,1806.489828,327.75508,-604.216682,598.550386,1354.867371,5771.189471,4619.77948,5195.4844755,26.077786920335495,7.706,0.826,6.69,13.23194,352.27583,5.12805499031824,A2/A,0.7799999999999999,8.486,6.3645000000000005,1261.8881991127041,4.747744894999999,99.62516894317889,0.3748310568211005,13.206198702071445
IDC,Italpinas Development Corporation,SMEB,,,NO DATA,,,,,,,,,,,,,7.706,,6.69,,,,,,,,,,,,
IMI,"Integrated Micro-Electronics, Inc.",Industrial,,,NO DATA,,,,,,,,,,,,,7.706,,6.69,,,,,,,,,,,,
IMP,"Imperial Resources, Inc.",Services,,,NO DATA,,,,,,,,,,,,,7.706,,6.69,,,,,,,,,,,,
INFRA,"Philippine Infradev Holdings, Inc.",Property,Reuters (INFRA.PS),Reuters,OK,698.8825,32907.65,26.385,27.99,4.16,-684.61,10.88,20.9925,101297.44,101580.43,101438.935,0.020694716481398392,7.706,0.45,6.69,10.716500000000002,242.63,0.11536083748918106,D2/D,19.0,26.706000000000003,20.0295,1.9,0.49261,79.41118694647268,20.588813053527318,12.633936159674999
ION,"Ionics, Inc.",Industrial,Reuters (ION.PS),Reuters,OK,10.5775,9.7875,8.4,6.17,5.16,-1.77,0.98,4.6275,76.57,79.4,77.985,5.9338334295056745,7.706,0.56,6.69,11.4524,0.99,6.232323232323233,A1/A+,0.7000000000000001,8.406,6.3045,0.8874,0.016329999999999997,98.19304438272492,1.806955617275071,11.359379731778297
IPM,"IPM Holdings, Inc.",Services,Reuters (IPM.PS),Reuters,OK,217.56,-1.385,28.5675,8.32,47.59,-269.84,106.11,6.24,920.26,898.9,909.58,0.6860309153675322,7.706,-0.03,6.69,7.505300000000001,69.53,0.1196605781676974,D2/D,19.0,26.706000000000003,20.0295,1.1,0.02656,97.64238034370118,2.357619656298821,7.800573000994178
IPO,"iPeople, inc.",Services,Reuters (IPO.PS),Reuters,OK,667.43,580.9025,612.515,1557.08,593.63,392.83,701.18,1167.81,18809.83,17300.77,18055.3,6.467962315774316,7.706,0.12,6.69,8.508799999999999,484.19,3.2158450195171318,A3/A-,0.89,8.596,6.447,7.4,1.77377,80.66476486766074,19.335235132339267,8.110146122041428
IS,"Island Information & Technology, Inc.",Services,Reuters (IS.PS),Reuters,PARTIAL,,,,,,,,,,,,,7.706,561.86,6.69,3766.5494000000003,,,,,,,0.5619,,100.0,,3766.5494000000003
JAS,"Jackstones, Inc.",Property,Reuters (JAS.PS),Reuters,OK,-21.6075,1.015,13.935,0.11,4.8,9.82,16.67,0.0825,30.24,-31.21,-0.485,-17.010309278350515,7.706,0.9,6.69,13.727,0.16,0.6875,Ca2/CC,12.61,20.316000000000003,15.237,0.5026,0.00035999999999999997,99.92842373150947,0.07157626849053603,13.728080801654208
JFC,Jollibee Foods Corporation,Industrial,Yahoo (JBFCY),2025-12-31,OK,12956.914,19290.186,17469.26425,21736.144,18779.185,6652.069,15472.31,16302.108,182769.798,173305.792,178037.795,9.156543418210724,7.706,0.466,6.69,10.823540000000001,7598.061,2.860748814730495,Baa2/BBB,1.11,8.816,6.612,151.958428449536,139.327077,52.16820803184873,47.83179196815127,8.809084948544523
JGS,"JG Summit Holdings, Inc.",Holding Firms,Yahoo (JGSMY),2025-12-31,PARTIAL,113808.41814325,14709.9231695,24936.04462975,66672.488963,36030.173166,-69894.947057,42121.068802,50004.36672225,657218.752074,748587.088659,702902.9203665,7.113979082086794,7.706,,6.69,,18993.021193,3.510367744315084,A3/A-,0.89,8.596,6.447,175.649458195456,428.041167621,29.095939324534058,70.90406067546593,
JOH,Jolliville Holdings Corporation,Industrial,,,NO DATA,,,,,,,,,,,,,7.706,,6.69,,,,,,,,,,,,
KEEPR,"The Keepers Holdings, Inc.",Industrial,,,NO DATA,,,,,,,,,,,,,7.706,,6.69,,,,,,,,,,,,
KEP,"Keppel Philippines Properties, Inc.",Property,Reuters (KEP.PS),Reuters,OK,-529.2775,55.465,12.8925,15.71,0.06,541.12,0.0,11.7825,489.62,7.08,248.35,4.744312462250855,7.706,-1.59,6.69,-2.9311000000000003,29.1,0.5398625429553264,C2/C,16.0,23.706,17.7795,0.7933,,100.0,,-2.9311000000000003
KPPI,"Kepwealth Property Phils., Inc.",SMEB,Reuters (KPPI.PS),Reuters,OK,46.9825,39.3725,37.8475,23.51,34.79,4.35,1.09,17.6325,558.57,590.45,574.51,3.0691371777688814,7.706,-0.07,6.69,7.237699999999999,4.29,5.480186480186481,A2/A,0.7799999999999999,8.486,6.3645000000000005,0.2553,,100.0,,7.237699999999999
LAND,"City & Land Developers, Inc.",Property,Reuters (LAND.PS),Reuters,PARTIAL,,,,,,,,,,,,,7.706,0.94,6.69,13.994600000000002,9.32,,,,,,0.7656,,100.0,,13.994600000000002
LBC,"LBC Express Holdings, Inc.",Services,Reuters (LBC.PS),Reuters,OK,-1823.1375,1477.495,951.3675,769.95,941.98,3151.59,190.99,577.4625,7335.45,4754.41,6044.93,9.552840148686585,7.706,0.36,6.69,10.114400000000002,491.73,1.5657983039472883,B2/B,3.2099999999999995,10.916,8.187,8.6,7.41621,53.695599645609036,46.30440035439096,9.22192898756947
LC,Lepanto Consolidated Mining Company,Mining and Oil,,,NO DATA,,,,,,,,,,,,,7.706,,6.69,,,,,,,,,,,,
LFM,"Liberty Flour Mills, Inc.",Industrial,Reuters (LFM.PS),Reuters,OK,1118.96,123.955,163.365,1044.2399999999998,57.86,-318.71,40.79,783.1799999999998,2163.71,2250.85,2207.28,35.48167880830705,7.706,0.05,6.69,8.0405,365.25,2.858973305954825,Baa2/BBB,1.11,8.816,6.612,4.6,0.08,98.29059829059828,1.7094017094017095,8.016081196581197
LMG,LMG Corp.,Financials,Reuters (LMG.PS),Reuters,PARTIAL,,,,,,,,,,,,,7.706,0.12,6.69,8.508799999999999,27.8,,,,,,0.4839,,100.0,,8.508799999999999
LODE,Lodestar Investment Holdings Corp.,Holding Firms,,,NO DATA,,,,,,,,,,,,,7.706,,6.69,,,,,,,,,,,,
LOTO,Pacific Online Systems Corporation,Services,,,NO DATA,,,,,,,,,,,,,7.706,,6.69,,,,,,,,,,,,
LPC,LFM Properties Corporation,SMEB,,,NO DATA,,,,,,,,,,,,,7.706,,6.69,,,,,,,,,,,,
LPZ,Lopez Holdings Corporation,Holding Firms,,,NO DATA,,,,,,,,,,,,,7.706,,6.69,,,,,,,,,,,,
LSC,Lorenzo Shipping Corporation,Services,,,NO DATA,,,,,,,,,,,,,7.706,,6.69,,,,,,,,,,,,
LTG,"LT Group, Inc.",Holding Firms,Yahoo (LTGHY),2025-09-30,OK,5324.5,1732.0,1508.0,2594.0,1312.0,-3874.0,1807.0,1945.5,11518.0,14498.0,13008.0,14.956180811808117,7.706,0.16,6.69,8.7764,345.0,7.518840579710145,Aa2/AA,0.5499999999999999,8.256,6.192,57.06309235968,3.951,93.52444681679647,6.475553183203529,8.609045803533288
MA,Manila Mining Corporation,Mining and Oil,,,NO DATA,,,,,,,,,,,,,7.706,,6.69,,,,,,,,,,,,
MAC,MacroAsia Corporation,Services,,,NO DATA,,,,,,,,,,,,,7.706,,6.69,,,,,,,,,,,,
MACAY,"Macay Holdings, Inc.",Industrial,Reuters (MACAY.PS),Reuters,OK,881.075,-227.8125,266.495,669.3,401.0,-350.31,372.21,501.975,6874.95,7496.91,7185.93,6.985525881827405,7.706,0.38,6.69,10.2482,74.8,8.947860962566844,Aaa/AAA,0.4,8.106,6.0795,7.7,0.49505,93.95915827237174,6.040841727628264,9.99637543090036
MAH,Metro Alliance Holdings & Equities Corp.,Services,Reuters (MAH.PS),Reuters,OK,33.98500000000003,27.035,279.8475,2.98,26.63,-6.15000000000003,1.03,2.235,-1.91,7.38,2.735,81.71846435100548,7.706,0.01,6.69,7.772900000000001,0.18,16.555555555555557,Aaa/AAA,0.4,8.106,6.0795,0.2327,0.01859,92.60217278841179,7.397827211588205,7.647625193998967
MARC,"Marcventures Holdings, Inc.",Mining and Oil,Reuters (MARC.PS),Reuters,OK,1059.24,210.61,265.3075,599.0,291.07,-331.9,12.98,449.25,4326.09,4536.24,4431.165,10.138417323660933,7.706,0.55,6.69,11.3855,9.38,63.859275053304906,Aaa/AAA,0.4,8.106,6.0795,2.1,0.1326,94.06073636119324,5.939263638806772,11.070362671324915
MAXS,"Max's Group, Inc.",Industrial,Reuters (MAXS.PS),Reuters,OK,718.94,1031.32,1265.95,817.0,764.87,96.7,561.98,612.75,9954.61,9602.03,9778.32,6.266413862503989,7.706,0.83,6.69,13.258700000000001,305.77,2.6719429636655003,Baa2/BBB,1.11,8.816,6.612,2.3,4.98708,31.562710989861507,68.43728901013849,8.709878711363125
MB,Manila Bulletin Publishing Corporation,Services,,,NO DATA,,,,,,,,,,,,,7.706,,6.69,,,,,,,,,,,,
MBC,Manila Broadcasting Company,Services,,,NO DATA,,,,,,,,,,,,,7.706,,6.69,,,,,,,,,,,,
MBT,Metropolitan Bank & Trust Company,Financials,Yahoo (MTPOY),2025-12-31,PARTIAL,,,,,,,,,,,,,7.706,0.676,6.69,12.22844,61411.0,,,,,,275.977770091008,,100.0,,12.22844
MED,"MEDCO Holdings, Inc.",Financials,Reuters (MED.PS),Reuters,OK,4.1975,,,5.57,0.02,0.0,0.0,4.1775,48.33,37.58,42.955,9.725293912233733,7.706,0.07,6.69,8.1743,0.0,,,,,,0.2843,0.011359999999999999,96.15774876547385,3.8422512345261453,7.860222857336131
MEDIC,Medilines Distributors Incorporated,Services,,,NO DATA,,,,,,,,,,,,,7.706,,6.69,,,,,,,,,,,,
MEG,Megaworld Corporation,Property,Yahoo (MGAWY),2025-12-31,OK,10573.73605025,25539.62908425,20422.53389475,30919.668343,3708.47362,13059.465242,3265.023585,23189.75125725,350539.684872,335452.784475,342996.2346735,6.760934643881572,7.706,0.612,6.69,11.80028,2869.752431,10.774333008309593,Aaa/AAA,0.4,8.106,6.0795,61.63144426496001,103.951487212,37.2208921023576,62.7791078976424,8.208825351213253
MER,Manila Electric Company,Industrial,Yahoo (MAEOY),2025-12-31,OK,-50359.75,8755.5,15559.5,53451.0,17034.0,317.0,107165.0,40088.25,292582.0,153536.0,223059.0,17.972038787943998,7.706,0.112,6.69,8.45528,8892.0,6.011133603238866,A1/A+,0.7000000000000001,8.406,6.3045,679.541469234176,228.762,74.81436460956407,25.185635390435934,7.913592391149582
MFC,Manulife Financial Corporation,Financials,,,NO DATA,,,,,,,,,,,,,7.706,,6.69,,,,,,,,,,,,
MFIN,Makati Finance Corporation,SMEB,,,NO DATA,,,,,,,,,,,,,7.706,,6.69,,,,,,,,,,,,
MG,"Millennium Global Holdings, Inc.",Industrial,Reuters (MG.PS),Reuters,OK,-125.43,-0.525,71.7975,6.84,47.26,138.58,39.24,5.13,984.38,1158.84,1071.61,0.47871893692668044,7.706,0.75,6.69,12.723499999999998,12.11,0.564822460776218,C2/C,16.0,23.706,17.7795,0.1517,1.1534200000000001,11.62345224960157,88.37654775039843,17.19181825426014
MGH,Metro Global Holdings Corporation,Holding Firms,,,NO DATA,,,,,,,,,,,,,7.706,,6.69,,,,,,,,,,,,
MHC,Mabuhay Holdings Corporation,Holding Firms,,,NO DATA,,,,,,,,,,,,,7.706,,6.69,,,,,,,,,,,,
MJC,"Manila Jockey Club, Inc.",Services,Reuters (MJC.PS),Reuters,OK,-36.785,186.9275,284.835,53.22,110.5,146.02,41.18,39.915,2222.03,3497.26,2859.645,1.3958026258504115,7.706,84.59,6.69,573.6131,63.21,0.8419553868058851,Caa/CCC,8.85,16.555999999999997,12.416999999999998,2.1,0.22285,90.40618206083045,9.593817939169554,519.7729678842801
MJIC,MJC Investments Corporation,Services,,,NO DATA,,,,,,,,,,,,,7.706,,6.69,,,,,,,,,,,,
MM,MerryMart Consumer Corp.,SMEB,Reuters (MM.PS),Reuters,OK,-525.9225,-1096.7975,-529.7025,151.41,444.34,150.69,933.13,113.5575,9285.5,8496.76,8891.13,1.277199860985049,7.706,1.05,6.69,14.730500000000003,33.6,4.50625,A2/A,0.7799999999999999,8.486,6.3645000000000005,3.4,8.73555,28.016859557251216,71.98314044274878,8.708390470559637
MONDE,Monde Nissin Corporation,Industrial,Yahoo (MNDDF),2025-12-31,OK,9588.42975,7412.55225,6652.23725,12601.457,2826.728,-2268.577,4957.968,9451.09275,49713.107,48623.212,49168.1595,19.221977894047466,7.706,0.612,6.69,11.80028,382.197,32.97110390714736,Aaa/AAA,0.4,8.106,6.0795,133.046058126848,5.235786,96.21368514929758,3.7863148507024063,11.583673257283985
MRC,"MRC Allied, Inc.",Property,Reuters (MRC.PS),Reuters,PARTIAL,,,21.4375,,,,,,,,,,7.706,0.59,6.69,11.6531,42.44,,,,,,1.1,,100.0,,11.6531
MREIT,"MREIT, Inc.",Property,Reuters (MREIT.PS),Reuters,PARTIAL,,,,,,,,,,,,,7.706,0.19,6.69,8.9771,144.49,,,,,,65.1,,100.0,,8.9771
MRSGI,"Metro Retail Stores Group, Inc.",Services,Reuters (MRSGI.PS),Reuters,OK,31.59,70.7375,315.9275,1388.84,1236.55,819.97,1426.62,1041.63,17350.74,16263.64,16807.19,6.197526177784628,7.706,0.36,6.69,10.114400000000002,465.36,2.9844421523121882,Baa2/BBB,1.11,8.816,6.612,3.6,9.17072,28.189483443376723,71.81051655662327,7.599308468120826
MVC,Mabuhay Vinyl Corporation,Industrial,,,NO DATA,,,,,,,,,,,,,7.706,,6.69,,,,,,,,,,,,
MWC,"Manila Water Company, Inc.",Industrial,Yahoo (MWTCY),2025-12-31,OK,46471.5441185,19098.3813275,14339.26960475,23528.06951,5234.184818,-24308.952413,717.645245,17646.0521325,216484.090824,174636.475534,195560.283179,9.023331243772152,7.706,0.717,6.69,12.502730000000001,3161.832916,7.441275404193433,Aa2/AA,0.5499999999999999,8.256,6.192,131.713826185728,132.200959286,49.907710153601045,50.092289846398955,9.341540836976348
MWIDE,Megawide Construction Corporation,Industrial,,,NO DATA,,,,,,,,,,,,,7.706,,6.69,,,,,,,,,,,,
MYNLD,"Maynilad Water Services, Inc.",Industrial,Reuters (MYNLD.PS),Reuters,OK,4622.515,14223.8575,4096.0275,21964.1,595.53,11580.95,865.14,16473.075,199372.18,155957.65,177664.915,9.271991039986707,7.706,558.6,6.69,3744.7400000000002,1879.63,11.685331687619373,Aaa/AAA,0.4,8.106,6.0795,166.6,92.7578,64.23558497180343,35.76441502819657,2407.6299422847515
NI,NiHAO Mineral Resources International,Mining and Oil,Reuters (NI.PS),Reuters,PARTIAL,,,,,,,,,,,,,7.706,-0.01,6.69,7.6391,1.01,,,,,,0.4949,,100.0,,7.6391
NIKL,Nickel Asia Corporation,Mining and Oil,Yahoo (NCKAF),2025-12-31,PARTIAL,7202.3005,-1579.71375,2453.00175,11605.89,2262.347,-4689.358,8453.822,8704.4175,37748.599,34082.538,35915.5685,24.235778141727035,7.706,,6.69,,443.415,26.173877744325292,Aaa/AAA,0.4,8.106,6.0795,85.959217378944,15.604111999999999,84.63607672629622,15.363923273703776,
NOW,Now Corporation,Services,,,NO DATA,,,,,,,,,,,,,7.706,,6.69,,,,,,,,,,,,
NRCP,National Reinsurance Corp. of the Phils.,Financials,Reuters (NRCP.PS),Reuters,OK,789.5325000000001,512.6725,519.6075,1042.39,10.45,0.0,2.71,781.7925000000001,7246.38,6414.73,6830.555,11.445519434365146,7.706,0.83,6.69,13.258700000000001,,,,,,,2.2,,100.0,,13.258700000000001
NXGEN,NextGenesis Corporation,Financials,,,NO DATA,,,,,,,,,,,,,7.706,,6.69,,,,,,,,,,,,
OGP,"OceanaGold (Philippines), Inc.",Mining and Oil,Reuters (OGP.PS),Reuters,OK,138.085,47.6475,57.3225,119.9,38.0,-58.16,48.0,89.925,460.7,513.85,487.275,18.454671386793905,7.706,914.0,6.69,6122.366,0.6,199.83333333333334,Aaa/AAA,0.4,8.106,6.0795,79.9,0.0001,99.99987484371108,0.0001251562889157836,6122.358345082798
OM,Omico Corporation,Property,,,NO DATA,,,,,,,,,,,,,7.706,,6.69,,,,,,,,,,,,
OPM,Oriental Petroleum and Minerals Corp.,Mining and Oil,,,NO DATA,,,,,,,,,,,,,7.706,,6.69,,,,,,,,,,,,
ORE,Oriental Peninsula Resources Group,Mining and Oil,Reuters (ORE.PS),Reuters,OK,-103.01750000000024,217.145,247.1225,112.47,72.91,251.77000000000024,8.51,84.3525,7044.68,7015.13,7029.905,1.1999095293606385,7.706,0.58,6.69,11.5862,86.23,1.304302446944219,B3/B-,5.09,12.796000000000001,9.597000000000001,1.3,,100.0,,11.5862
OV,The Philodrill Corporation,Mining and Oil,,,NO DATA,,,,,,,,,,,,,7.706,,6.69,,,,,,,,,,,,
PA,"Pacifica Holdings, Inc.",Holding Firms,Reuters (PA.PS),Reuters,PARTIAL,,,,,,,,,,,,,7.706,0.55,6.69,11.3855,1.88,,,,,,0.2795,,100.0,,11.3855
PAL,"PAL Holdings, Inc.",Services,,,NO DATA,,,,,,,,,,,,,7.706,,6.69,,,,,,,,,,,,
PAX,"Paxys, Inc.",Services,Reuters (PAX.PS),Reuters,OK,1570.3125,87.3925,92.0725,98.75,7.38,-1489.31,0.44,74.0625,1218.8,2534.97,1876.885,3.946032921569515,7.706,-0.99,6.69,1.0829000000000004,225.24,0.43842123956668444,C2/C,16.0,23.706,17.7795,2.6,0.00281,99.89203975703182,0.1079602429681767,1.1009256899274251
PBB,Philippine Business Bank,Financials,Reuters (PBB.PS),Reuters,PARTIAL,,,,,,,,,,,,,7.706,0.21,6.69,9.110899999999999,4187.83,,,,,,6.0,,100.0,,9.110899999999999
PBC,Philippine Bank of Communications,Financials,Reuters (PBC.PS),Reuters,PARTIAL,,,,,,,,,,,,,7.706,0.42,6.69,10.5158,4647.27,,,,,,7.5,,100.0,,10.5158
PCOR,Petron Corporation,Industrial,,,NO DATA,,,,,,,,,,,,,7.706,,6.69,,,,,,,,,,,,
PERC,PetroEnergy Resources Corporation,Industrial,,,NO DATA,,,,,,,,,,,,,7.706,,6.69,,,,,,,,,,,,
PGOLD,"Puregold Price Club, Inc.",Services,Yahoo (PRGLY),2025-12-31,OK,18020.77777725,10130.578491,7936.46642375,17995.820027,6588.072728,-4193.970358,6258.130329,13496.86502025,136025.297072,130791.69754,133408.497306,10.116945541551335,7.706,0.494,6.69,11.010860000000001,4033.662734,4.461409198967501,A2/A,0.7799999999999999,8.486,6.3645000000000005,106.08917250700802,61.872913066,63.16257156791155,36.83742843208846,9.299260460302817
PHA,Premiere Horizon Alliance Corporation,Property,,,NO DATA,,,,,,,,,,,,,7.706,,6.69,,,,,,,,,,,,
PHC,Philcomsat Holdings Corporation,Services,,,NO DATA,,,,,,,,,,,,,7.706,,6.69,,,,,,,,,,,,
PHES,Philippine Estates Corporation,Property,,,NO DATA,,,,,,,,,,,,,7.706,,6.69,,,,,,,,,,,,
PHN,Phinma Corporation,Industrial,,,NO DATA,,,,,,,,,,,,,7.706,,6.69,,,,,,,,,,,,
PHR,"PH Resorts Group Holdings, Inc.",Services,Reuters (PHR.PS),Reuters,OK,9383.12,728.08,121.805,1936.68,10.13,-7949.84,29.36,1452.51,2538.4,3066.86,2802.63,51.82667708545188,7.706,0.44,6.69,10.649600000000001,899.36,2.1533979718911227,Ba2/BB,1.8399999999999999,9.546000000000001,7.1595,1.3,2.3275799999999998,35.836563218454174,64.16343678154583,8.41023189288727
PIZZA,"Shakey's Pizza Asia Ventures, Inc.",Industrial,Reuters (PIZZA.PS),Reuters,OK,1119.3525,843.75,1167.9975,941.07,1150.79,-281.51,1018.75,705.8025,16638.96,15848.26,16243.61,4.345108630409127,7.706,0.51,6.69,11.1179,476.69,1.9741760892823428,B1/B+,2.75,10.456,7.8420000000000005,10.6,8.50381,55.486313986581735,44.513686013418265,9.65967615988643
PLUS,DigiPlus Interactive Corp.,Services,Reuters (PLUS.PS),Reuters,OK,10235.8975,9069.96,1551.3575000000008,12655.69,1605.52,-723.78,1585.17,9491.7675,19852.59,19616.87,19734.73,48.09676899557278,7.706,-0.15,6.69,6.702500000000001,19.94,634.6885656970912,Aaa/AAA,0.4,8.106,6.0795,48.0,2.34844,95.33562509583217,4.664374904167835,6.673440944347034
PMPC,Panasonic Manufacturing Philippines Corp.,Industrial,,,NO DATA,,,,,,,,,,,,,7.706,,6.69,,,,,,,,,,,,
PNB,Philippine National Bank,Financials,Reuters (PNB.PS),Reuters,PARTIAL,,,,,,,,,,,,,7.706,0.7,6.69,12.389,17133.6,,,,,,87.4,,100.0,,12.389
PNC,Philippine National Construction Corp.,Industrial,,,NO DATA,,,,,,,,,,,,,7.706,,6.69,,,,,,,,,,,,
PNX,"Phoenix Petroleum Philippines, Inc.",Industrial,,,NO DATA,,,,,,,,,,,,,7.706,,6.69,,,,,,,,,,,,
PORT,"Globalport 900, Inc.",Services,Reuters (PORT.PS),Reuters,OK,208.69,,,119.24,0.0,-119.3,0.04,89.43,18.18,98.19,58.185,153.6994070636762,7.706,667.01,6.69,4470.0029,,,,,,,20.7,,100.0,,4470.0029
PPC,Pryce Corporation,Industrial,,,NO DATA,,,,,,,,,,,,,7.706,,6.69,,,,,,,,,,,,
PRC,"Philippine Racing Club, Inc.",Property,Reuters (PRC.PS),Reuters,OK,-479.34,129.8425,65.8425,150.12,8.25,592.17,8.01,112.59,5882.35,5500.56,5691.455,1.9782287657549784,7.706,-0.22,6.69,6.2342,85.0,1.7661176470588236,B1/B+,2.75,10.456,7.8420000000000005,2.7,0.87722,75.47760551489704,24.522394485102957,6.628471058531485
PREIT,Premiere Island Power REIT Corporation,Property,,,NO DATA,,,,,,,,,,,,,7.706,,6.69,,,,,,,,,,,,
PRIM,"Prime Media Holdings, Inc.",Holding Firms,Reuters (PRIM.PS),Reuters,OK,-470.0025,10.0075,4.1475,0.53,0.13,470.51,0.02,0.3975,419.69,177.31,298.5,0.13316582914572864,7.706,0.03,6.69,7.9067,25.95,0.02042389210019268,D2/D,19.0,26.706000000000003,20.0295,0.7805,,100.0,,7.9067
PRMX,Primex Corporation,Property,,,NO DATA,,,,,,,,,,,,,7.706,,6.69,,,,,,,,,,,,
PSB,Philippine Savings Bank,Financials,Reuters (PSB.PS),Reuters,PARTIAL,,,,,,,,,,,,,7.706,0.03,6.69,7.9067,4309.52,,,,,,22.8,,100.0,,7.9067
PSE,"The Philippine Stock Exchange, Inc.",Financials,,,NO DATA,,,,,,,,,,,,,7.706,,6.69,,,,,,,,,,,,
PTC,Philippine Trust Company,Financials,,,NO DATA,,,,,,,,,,,,,7.706,,6.69,,,,,,,,,,,,
PTT,PT&T Corp.,Services,Reuters (PTT.PS),Reuters,PARTIAL,14.419999999999881,62.4925,80.7,81.12,30.01,38.45000000000012,37.98,60.84,190.53,87.45,138.99,43.772933304554286,7.706,,6.69,,19.85,4.086649874055416,A3/A-,0.89,8.596,6.447,,0.05576,,,
PX,Philex Mining Corporation,Mining and Oil,Yahoo (PXMFF),2025-12-31,OK,-3032.85675,-3377.56025,-671.55575,1480.235,1005.346,-415.283,5563.662,1110.17625,49665.094,44000.285,46832.6895,2.37051568434907,7.706,1.133,6.69,15.28577,189.498,7.8113489324425585,Aa2/AA,0.5499999999999999,8.256,6.192,58.953735463552,20.856755,73.86715094862761,26.132849051372386,12.909308812821013
PXP,PXP Energy Corporation,Mining and Oil,,,NO DATA,,,,,,,,,,,,,7.706,,6.69,,,,,,,,,,,,
RCB,Rizal Commercial Banking Corporation,Financials,,,NO DATA,,,,,,,,,,,,,7.706,,6.69,,,,,,,,,,,,
RCI,"Roxas and Company, Inc.",Industrial,,,NO DATA,,,,,,,,,,,,,7.706,,6.69,,,,,,,,,,,,
RCR,"RL Commercial REIT, Inc.",Property,Reuters (RCR.PS),Reuters,PARTIAL,,,,,,,,,,,,,7.706,0.66,6.69,12.121400000000001,21149.44,,,,,,140.0,,100.0,,12.121400000000001
REDC,Repower Energy Development Corporation,Industrial,,,NO DATA,,,,,,,,,,,,,7.706,,6.69,,,,,,,,,,,,
REG,Republic Glass Holdings Corporation,Holding Firms,,,NO DATA,,,,,,,,,,,,,7.706,,6.69,,,,,,,,,,,,
RFM,RFM Corporation,Industrial,,,NO DATA,,,,,,,,,,,,,7.706,,6.69,,,,,,,,,,,,
RLC,Robinsons Land Corporation,Property,Yahoo (RBLAY),2025-12-31,PARTIAL,22301.3536275,15271.32549475,15942.607701,19621.37331,6077.356763,-12057.835872,10549.86899,14716.0299825,207808.067809,202070.757503,204939.412656,7.1806734447909815,7.706,,6.69,,2204.212452,8.901761394277797,Aaa/AAA,0.4,8.106,6.0795,90.42927097536,43.248857097,67.6470207051453,32.35297929485472,
RLT,Philippine Realty and Holdings Corp.,Property,,,NO DATA,,,,,,,,,,,,,7.706,,6.69,,,,,,,,,,,,
ROCK,Rockwell Land Corporation,Property,,,NO DATA,,,,,,,,,,,,,7.706,,6.69,,,,,,,,,,,,
ROX,"Roxas Holdings, Inc.",Industrial,Reuters (ROX.PS),Reuters,OK,2171.585,-55.41,612.2225,1659.46,384.87,-633.66,91.54,1244.595,10008.64,10304.87,10156.755,12.253864546304404,7.706,376.96,6.69,2529.5683999999997,362.44,4.578578523341794,A2/A,0.7799999999999999,8.486,6.3645000000000005,2.4,4.94717,32.66563860642941,67.33436139357059,830.5851672773325
RRHI,"Robinsons Retail Holdings, Inc.",Services,Yahoo (RRETY),2025-12-31,OK,-2946.39591325,10643.54060825,8428.88246525,11683.033809,7594.162696,13708.132848,5594.701118,8762.27535675,122894.635187,121731.046877,122312.841032,7.163822933732343,7.706,0.32,6.69,9.8468,3698.416203,3.1589288948937693,A3/A-,0.89,8.596,6.447,38.475455547136,65.577407236,36.976835156689006,63.023164843310994,7.704138441657113
SBS,SBS Philippines Corporation,Services,,,NO DATA,,,,,,,,,,,,,7.706,,6.69,,,,,,,,,,,,
SCC,Semirara Mining and Power Corporation,Industrial,,,NO DATA,,,,,,,,,,,,,7.706,,6.69,,,,,,,,,,,,
SECB,Security Bank Corporation,Financials,Yahoo (SYBJF),2025-12-31,PARTIAL,,,,,,,,,,,,,7.706,0.562,6.69,11.46578,27071.237,,,,,,47.037604715648,,100.0,,11.46578
SEVN,Philippine Seven Corporation,Services,,,NO DATA,,,,,,,,,,,,,7.706,,6.69,,,,,,,,,,,,
SFI,"Swift Foods, Inc.",Industrial,Reuters (SFI.PS),Reuters,PARTIAL,,,,,,,,,,,,,7.706,0.49,6.69,10.9841,2.49,,,,,,0.0909,,100.0,,10.9841
SGI,"Solid Group, Inc.",Holding Firms,Reuters (SGI.PS),Reuters,OK,111.965,458.3775,449.6575,882.9,98.19,556.5,91.9,662.175,11267.74,10272.78,10770.26,6.148180266771647,7.706,0.49,6.69,10.9841,45.71,19.31524830452855,Aaa/AAA,0.4,8.106,6.0795,2.4,0.8789,73.19527890451066,26.80472109548934,9.66943564915063
SGP,"Synergy Grid & Development Phils., Inc.",Industrial,Reuters (SGP.PS),Reuters,OK,-7122.6525,-33470.9525,-31482.7075,58241.73,875.85,-1813.84,53493.64,43681.2975,379802.76,332314.2,356058.48,12.26801212542389,7.706,0.41,6.69,10.4489,10353.21,5.625475577139843,A1/A+,0.7000000000000001,8.406,6.3045,157.2,260.40423,37.643296860283236,62.356703139716764,7.864588795077579
SHLPH,Shell Pilipinas Corporation,Industrial,,,NO DATA,,,,,,,,,,,,,7.706,,6.69,,,,,,,,,,,,
SHNG,"Shang Properties, Inc.",Property,Reuters (SHNG.PS),Reuters,OK,2900.3775,4470.305,3719.355,4141.05,417.51,519.4,103.52,3105.7875,71646.4,68002.15,69824.275,4.448005367760711,7.706,0.09,6.69,8.3081,1520.18,2.7240524148456102,Baa2/BBB,1.11,8.816,6.612,15.2,19.095,44.32132963988919,55.67867036011081,7.36373407202216
SLF,Sun Life Financial Inc.,Financials,Yahoo (SLFIF),2025-12-31,INCOMPLETE,,,,,,,,,,,,,7.706,0.817,6.69,13.17173,526.0,,,,,,,,,,
SLI,"Sta. Lucia Land, Inc.",Property,Reuters (SLI.PS),Reuters,OK,-120.5725,4940.11,4516.44,7548.89,31.8,5789.03,25.01,5661.6675,51776.62,47386.46,49581.54,11.418902075248168,7.706,0.32,6.69,9.8468,1851.7,4.0767348922611655,A3/A-,0.89,8.596,6.447,17.3,25.01392,40.88489083497818,59.11510916502182,7.837004518607587
SM,SM Investments Corporation,Holding Firms,Yahoo (SVTMF),2025-12-31,OK,117805.5,89473.75,84578.25,105498.0,27696.0,-21605.0,10619.0,79123.5,1143419.0,1051738.0,1097578.5,7.208914897658801,7.706,0.526,6.69,11.22494,21778.0,4.844246487280742,A2/A,0.7799999999999999,8.486,6.3645000000000005,736.8645948190721,550.008,57.26010467436146,42.73989532563854,9.147593031634534
SMC,San Miguel Corporation,Holding Firms,Yahoo (SMGBF),2025-12-31,PARTIAL,148888.5,68212.5,33175.25,186186.0,69610.0,-22336.0,82697.0,139639.5,1595812.0,1592300.0,1594056.0,8.76001219530556,7.706,,6.69,,90621.0,2.0545568907869036,Ba2/BB,1.8399999999999999,9.546000000000001,7.1595,186.597280308992,1624.146,10.305010231883912,89.6949897681161,
SMPH,"SM Prime Holdings, Inc.",Property,Yahoo (SPHXF),2024-12-31,OK,22947.6005,59529.1175,48592.78925,68547.766,15037.788,43346.724,154.288,51410.8245,791767.04,731037.388,761402.214,6.752124377195468,7.706,0.453,6.69,10.73657,13934.024,4.919452270212826,A2/A,0.7799999999999999,8.486,6.3645000000000005,536.376166495232,389.920139,57.90546322091457,42.09453677908543,8.89616738584264
SOC,"SOCResources, Inc.",Property,Reuters (SOC.PS),Reuters,OK,52.63,53.2125,34.8925,47.16,2.52,-15.03,0.29,35.37,1020.81,996.61,1008.71,3.506458744336826,7.706,0.09,6.69,8.3081,,,,,,,0.1804,,100.0,,8.3081
SPC,SPC Power Corporation,Industrial,,,NO DATA,,,,,,,,,,,,,7.706,,6.69,,,,,,,,,,,,
SPM,Seafront Resources Corporation,Holding Firms,,,NO DATA,,,,,,,,,,,,,7.706,,6.69,,,,,,,,,,,,
SPNEC,SP New Energy Corporation,Industrial,,,NO DATA,,,,,,,,,,,,,7.706,,6.69,,,,,,,,,,,,
SRDC,Supercity Realty Development Corp.,Industrial,,,NO DATA,,,,,,,,,,,,,7.706,,6.69,,,,,,,,,,,,
SSI,"SSI Group, Inc.",Services,Reuters (SSI.PS),Reuters,OK,-24.305,1873.225,2648.6975,2135.38,2097.77,1981.18,1742.43,1601.535,17221.98,14631.81,15926.895,10.055538132197142,7.706,0.86,6.69,13.459399999999999,191.17,11.170058063503689,Aaa/AAA,0.4,8.106,6.0795,7.4,5.01625,59.599315413268904,40.4006845867311,10.477869878183832
STI,"STI Education Systems Holdings, Inc.",Services,Reuters (STI.PS),Reuters,OK,1859.985,1184.395,1136.1225,2635.86,680.79,21.97,775.73,1976.895,12393.31,12738.81,12566.06,15.73201942374937,7.706,0.29,6.69,9.6461,184.55,14.282633432674071,Aaa/AAA,0.4,8.106,6.0795,12.7,4.984430000000001,71.8145849201812,28.1854150798188,8.640838985763184
STN,Steniel Manufacturing Corporation,Industrial,,,NO DATA,,,,,,,,,,,,,7.706,,6.69,,,,,,,,,,,,
STR,"Vistamalls, Inc.",Property,Reuters (STR.PS),Reuters,OK,8820.51,9978.1325,9301.8625,11300.92,1463.47,1111.68,6.97,8475.69,59169.48,53039.1,56104.29,15.107026574973146,7.706,0.21,6.69,9.110899999999999,2800.26,4.035668116532037,A3/A-,0.89,8.596,6.447,8.6,8.05245,51.64405237667731,48.35594762332269,7.822745911262306
SUN,"Suntrust Resort Holdings, Inc.",Property,Reuters (SUN.PS),Reuters,OK,-1577.0975,-4939.515,-3285.245,705.59,31.49,-2540.51,4678.29,529.1925,43148.53,40165.96,41657.245,1.2703492513727204,7.706,0.48,6.69,10.917200000000001,338.98,2.0815092335831022,Ba2/BB,1.8399999999999999,9.546000000000001,7.1595,3.1,35.089349999999996,8.11744635611761,91.88255364388239,7.4645292817238325
T,TKC Metals Corporation,Industrial,,,NO DATA,,,,,,,,,,,,,7.706,,6.69,,,,,,,,,,,,
TBGI,Transpacific Broadband Group Intl. Inc.,Services,,,NO DATA,,,,,,,,,,,,,7.706,,6.69,,,,,,,,,,,,
TECH,Cirtek Holdings Philippines Corporation,Industrial,,,NO DATA,,,,,,,,,,,,,7.706,,6.69,,,,,,,,,,,,
TEL,PLDT Inc.,Services,Yahoo (PHI),2025-12-31,OK,18955.25,30402.5,14218.5,59203.0,59487.0,21853.0,63081.0,44402.25,474244.0,441032.0,457638.0,9.702483185399814,7.706,0.412,6.69,10.46228,18148.0,3.262232752920432,A3/A-,0.89,8.596,6.447,242.83288508902402,359.221,40.33407824502569,59.665921754974306,8.066526176956867
TFC,PTFC Redevelopment Corporation,Property,,,NO DATA,,,,,,,,,,,,,7.706,,6.69,,,,,,,,,,,,
TFHI,"Top Frontier Investment Holdings, Inc.",Holding Firms,Yahoo (TPHIF),2025-12-31,OK,150495.0,69185.75,33278.0,186916.0,70580.0,-22455.0,82727.0,140187.0,1520267.0,1477351.0,1498809.0,9.353226461810678,7.706,-0.063,6.69,7.28453,91187.0,2.049809731650345,Ba2/BB,1.8399999999999999,9.546000000000001,7.1595,24.365961841120004,1628.697,1.4739887350680279,98.52601126493197,7.161342928115455
TOP,Top Line Business Development Corp.,Industrial,Reuters (TOP.PS),Reuters,OK,-2033.4225,95.87999999999997,-387.1575,335.05,51.85,2037.86,298.7,251.2875,4717.17,2123.0,3420.085,7.34740510835257,7.706,716.8,6.69,4803.098,173.7,1.9289004029936672,B1/B+,2.75,10.456,7.8420000000000005,14.7,3.27523,81.77920393786339,18.220796062136618,3929.3641835826306
TUGS,"Harbor Star Shipping Services, Inc.",Services,Reuters (TUGS.PS),Reuters,OK,373.1125,595.01,503.94,295.59,617.62,-55.82,522.02,221.6925,5452.08,5422.78,5437.43,4.077155935800553,7.706,0.58,6.69,11.5862,202.99,1.456180107394453,B3/B-,5.09,12.796000000000001,9.597000000000001,0.8499,3.60114,19.094413889787557,80.90558611021244,9.976826081095655
UBP,Union Bank of the Philippines,Financials,Reuters (UBP.PS),Reuters,PARTIAL,,,,,,,,,,,,,7.706,0.59,6.69,11.6531,20112.95,,,,,,86.6,,100.0,,11.6531
UNH,Uniholdings Inc.,Property,Reuters (UNH.PS),Reuters,PARTIAL,,386.4674999999999,6.87,,,,,,,,,,7.706,343.24,6.69,2303.9816,98.14,,,,,,8.3,,100.0,,2303.9816
UPM,United Paragon Mining Corporation,Mining and Oil,,,NO DATA,,,,,,,,,,,,,7.706,,6.69,,,,,,,,,,,,
UPSON,Upson International Corp.,Services,Reuters (UPSON.PS),Reuters,OK,-1283.32,805.3775,620.19,741.2,470.42,1697.88,611.76,555.9,5408.34,3483.95,4446.145,12.502966052614116,7.706,406.25,6.69,2725.5185,189.62,3.9088703723235945,A3/A-,0.89,8.596,6.447,2.4,2.90223,45.26397383742312,54.73602616257688,1237.2068123808285
URC,Universal Robina Corporation,Industrial,Yahoo (UVRBY),2025-12-31,OK,7358.16406175,11374.8701595,10624.936073,14656.504313,5958.173301,3136.715457,6455.672017,10992.37823475,138816.814018,130207.970222,134512.39212,8.172018995055547,7.706,0.623,6.69,11.87387,1392.206861,10.527533460417274,Aaa/AAA,0.4,8.106,6.0795,112.050310196736,26.146155317,81.08044571197719,18.919554288022805,10.777601022201091
V,"Vantage Equities, Inc.",Financials,Reuters (V.PS),Reuters,OK,-1104.79,552.7525,586.5875,677.08,31.25,1641.62,2.23,507.81,9319.65,7680.12,8499.885,5.974316123100489,7.706,0.4,6.69,10.382000000000001,5.36,126.32089552238806,Aaa/AAA,0.4,8.106,6.0795,3.7,0.014839999999999999,99.60052115299717,0.3994788470028319,10.364812422607704
VITA,Vitarich Corporation,Industrial,,,NO DATA,,,,,,,,,,,,,7.706,,6.69,,,,,,,,,,,,
VLC,Villar Land Holdings Corp.,Property,Reuters (VLC.PS),Reuters,OK,9065.234999999999,1453.615,1384.695,1228.22,83.42,-8146.689999999998,86.04,921.165,18337.47,18410.74,18374.105,5.013387046607168,7.706,0.57,6.69,11.519300000000001,364.4,3.3705268935236004,A3/A-,0.89,8.596,6.447,288.6,5.07585,98.27161477527008,1.728385224729919,11.431631116246024
VLL,"Vista Land & Lifescapes, Inc.",Property,,,NO DATA,,,,,,,,,,,,,7.706,,6.69,,,,,,,,,,,,
VMC,"Victorias Milling Company, Inc.",Industrial,,,NO DATA,,,,,,,,,,,,,7.706,,6.69,,,,,,,,,,,,
VREIT,"VistaREIT, Inc.",Property,,,NO DATA,,,,,,,,,,,,,7.706,,6.69,,,,,,,,,,,,
VVT,Vivant Corporation,Industrial,,,NO DATA,,,,,,,,,,,,,7.706,,6.69,,,,,,,,,,,,
WEB,PhilWeb Corporation,Services,,,NO DATA,,,,,,,,,,,,,7.706,,6.69,,,,,,,,,,,,
WIN,"Wellex Industries, Incorporated",Property,,,NO DATA,,,,,,,,,,,,,7.706,,6.69,,,,,,,,,,,,
WLCON,"Wilcon Depot, Inc.",Services,Reuters (WLCON.PS),Reuters,OK,3676.4075,3065.47,4308.005,3928.01,3188.67,188.08,2270.19,2946.0075,33440.31,32474.81,32957.56,8.938791281878878,7.706,0.74,6.69,12.656600000000001,681.8,5.761234966265767,A1/A+,0.7000000000000001,8.406,6.3045,23.8,9.8003,70.83270089850389,29.16729910149612,10.803863993773867
WPI,"Waterfront Philippines, Incorporated",Services,Reuters (WPI.PS),Reuters,OK,1301.3875,436.715,-81.4925,1759.05,352.72,-129.56,500.18,1319.2875,14954.03,14344.34,14649.185,9.005876436129382,7.706,0.43,6.69,10.5827,195.31,9.006451282576418,Aaa/AAA,0.4,8.106,6.0795,1.2,2.96306,28.824950877479544,71.17504912252045,7.377545187914658
X,Xurpas Inc.,SMEB,Reuters (X.PS),Reuters,OK,129.835,61.335,47.5225,122.82,3.65,-35.61,1.54,92.115,60.2,134.51,97.355,94.61763648502902,7.706,0.52,6.69,11.184800000000001,10.5,11.697142857142858,Aaa/AAA,0.4,8.106,6.0795,0.6033,0.03896,93.9339208420266,6.066079157973406,10.875108460747985
XG,NexGen Energy Corp.,SMEB,Yahoo (NXE),2025-12-31,OK,-878.823,-178.55125,-99.1725,-345.112,2.2,436.59,185.599,-258.834,1616.441,1159.163,1387.802,-18.65064324737967,7.706,1.687,6.69,18.99203,46.731,-7.385076287689114,D2/D,19.0,26.706000000000003,20.0295,472.13121614080006,0.586911,99.87584334801166,0.12415665198833963,18.993318088017386
ZHI,"Zeus Holdings, Inc.",Holding Firms,Reuters (ZHI.PS),Reuters,PARTIAL,,,,,,,,,,,,,7.706,0.6,6.69,11.72,0.0,,,,,,0.1423,,100.0,,11.72
